Date,League,Match,HomeTeam,AwayTeam,ExpHome,ExpAway,ExpTotal,Team,Player,RebProj,AstProj,RaProj,SampleSize,RebValues,AstValues
2026-10-06T23:00Z,NBA,Brooklyn Nets @ Charlotte Hornets,Charlotte Hornets,Brooklyn Nets,104.5,109.9,214.4,Brooklyn Nets,Noah Clowney,4.2,1.9,6.0,7,3.0; 5.0; 4.0; 2.0; 2.0; 4.0; 4.0,2.0; 3.0; 2.0; 1.0; 0.0; 0.0; 2.0
2026-10-06T23:00Z,NBA,Brooklyn Nets @ Charlotte Hornets,Charlotte Hornets,Brooklyn Nets,104.5,109.9,214.4,Brooklyn Nets,Egor Demin,4.6,2.4,7.1,7,2.0; 0.0; 1.0; 4.0; 6.0; 5.0; 5.0,4.0; 2.0; 3.0; 1.0; 4.0; 2.0; 1.0
2026-10-06T23:00Z,NBA,Brooklyn Nets @ Charlotte Hornets,Charlotte Hornets,Brooklyn Nets,104.5,109.9,214.4,Brooklyn Nets,Keon Ellis,2.7,1.5,4.2,7,2.0; 3.0; 1.0; 2.0; 0.0; 1.0; 1.0,1.0; 1.0; 0.0; 2.0; 0.0; 1.0; 0.0
2026-10-06T23:00Z,NBA,Brooklyn Nets @ Charlotte Hornets,Charlotte Hornets,Brooklyn Nets,104.5,109.9,214.4,Brooklyn Nets,Chaney Johnson,3.8,1.8,5.6,7,7.0; 9.0; 10.0; 3.0; 1.0; 1.0; 0.0,3.0; 1.0; 1.0; 3.0; 1.0; 0.0; 1.0
2026-10-06T23:00Z,NBA,Brooklyn Nets @ Charlotte Hornets,Charlotte Hornets,Brooklyn Nets,104.5,109.9,214.4,Brooklyn Nets,Terance Mann,3.5,1.7,5.2,7,6.0; 1.0; 1.0; 3.0; 1.0; 2.0; 3.0,3.0; 2.0; 1.0; 1.0; 0.0; 2.0; 0.0
2026-10-06T23:00Z,NBA,Brooklyn Nets @ Charlotte Hornets,Charlotte Hornets,Brooklyn Nets,104.5,109.9,214.4,Brooklyn Nets,Josh Minott,5.5,1.9,7.4,7,9.0; 1.0; 2.0; 4.0; 6.0; 6.0; 7.0,1.0; 1.0; 2.0; 0.0; 1.0; 0.0; 3.0
2026-10-06T23:00Z,NBA,Brooklyn Nets @ Charlotte Hornets,Charlotte Hornets,Brooklyn Nets,104.5,109.9,214.4,Brooklyn Nets,Grant Nelson,3.7,2.3,6.0,4,0.0; 0.0; 4.0; 2.0,0.0; 0.0; 1.0; 4.0
2026-10-06T23:00Z,NBA,Brooklyn Nets @ Charlotte Hornets,Charlotte Hornets,Brooklyn Nets,104.5,109.9,214.4,Brooklyn Nets,Michael Porter Jr.,5.5,2.9,8.3,7,6.0; 8.0; 4.0; 10.0; 4.0; 4.0; 5.0,4.0; 3.0; 5.0; 3.0; 0.0; 2.0; 4.0
2026-10-06T23:00Z,NBA,Brooklyn Nets @ Charlotte Hornets,Charlotte Hornets,Brooklyn Nets,104.5,109.9,214.4,Brooklyn Nets,Drake Powell,3.0,2.0,5.0,7,2.0; 4.0; 0.0; 2.0; 0.0; 2.0; 2.0,3.0; 2.0; 1.0; 0.0; 0.0; 2.0; 2.0
2026-10-06T23:00Z,NBA,Brooklyn Nets @ Charlotte Hornets,Charlotte Hornets,Brooklyn Nets,104.5,109.9,214.4,Brooklyn Nets,Julius Randle,5.7,3.0,8.8,7,7.0; 4.0; 9.0; 7.0; 8.0; 5.0; 4.0,3.0; 6.0; 6.0; 6.0; 4.0; 1.0; 1.0
2026-10-06T23:00Z,NBA,Brooklyn Nets @ Charlotte Hornets,Charlotte Hornets,Brooklyn Nets,104.5,109.9,214.4,Brooklyn Nets,Ben Saraf,3.1,4.1,7.2,7,1.0; 0.0; 7.0; 1.0; 4.0; 1.0; 0.0,5.0; 1.0; 4.0; 5.0; 11.0; 0.0; 6.0
2026-10-06T23:00Z,NBA,Brooklyn Nets @ Charlotte Hornets,Charlotte Hornets,Brooklyn Nets,104.5,109.9,214.4,Charlotte Hornets,Grayson Allen,3.8,3.3,7.1,7,2.0; 4.0; 1.0; 5.0; 3.0; 3.0; 2.0,5.0; 5.0; 5.0; 7.0; 3.0; 2.0; 2.0
2026-10-06T23:00Z,NBA,Brooklyn Nets @ Charlotte Hornets,Charlotte Hornets,Brooklyn Nets,104.5,109.9,214.4,Charlotte Hornets,Pat Connaughton,2.9,1.2,4.1,7,1.0; 0.0; 0.0; 0.0; 2.0; 1.0; 3.0,0.0; 0.0; 1.0; 0.0; 0.0; 0.0; 0.0
2026-10-06T23:00Z,NBA,Brooklyn Nets @ Charlotte Hornets,Charlotte Hornets,Brooklyn Nets,104.5,109.9,214.4,Charlotte Hornets,Moussa Diabate,5.7,1.5,7.2,7,2.0; 9.0; 5.0; 13.0; 2.0; 7.0; 4.0,0.0; 0.0; 1.0; 0.0; 1.0; 2.0; 0.0
2026-10-06T23:00Z,NBA,Brooklyn Nets @ Charlotte Hornets,Charlotte Hornets,Brooklyn Nets,104.5,109.9,214.4,Charlotte Hornets,PJ Hall,4.4,1.3,5.8,7,0.0; 3.0; 7.0; 3.0; 3.0; 6.0; 3.0,0.0; 0.0; 0.0; 0.0; 1.0; 1.0; 0.0
2026-10-06T23:00Z,NBA,Brooklyn Nets @ Charlotte Hornets,Charlotte Hornets,Brooklyn Nets,104.5,109.9,214.4,Charlotte Hornets,Sion James,3.3,1.7,5.1,7,0.0; 2.0; 4.0; 2.0; 3.0; 0.0; 3.0,3.0; 1.0; 2.0; 2.0; 2.0; 0.0; 0.0
2026-10-06T23:00Z,NBA,Brooklyn Nets @ Charlotte Hornets,Charlotte Hornets,Brooklyn Nets,104.5,109.9,214.4,Charlotte Hornets,Ryan Kalkbrenner,6.6,1.5,8.1,7,7.0; 11.0; 1.0; 7.0; 10.0; 7.0; 7.0,1.0; 1.0; 2.0; 1.0; 1.0; 0.0; 0.0
2026-10-06T23:00Z,NBA,Brooklyn Nets @ Charlotte Hornets,Charlotte Hornets,Brooklyn Nets,104.5,109.9,214.4,Charlotte Hornets,Kon Knueppel,4.2,2.5,6.7,7,3.0; 5.0; 5.0; 1.0; 4.0; 5.0; 2.0,1.0; 1.0; 3.0; 4.0; 1.0; 3.0; 2.0
2026-10-06T23:00Z,NBA,Brooklyn Nets @ Charlotte Hornets,Charlotte Hornets,Brooklyn Nets,104.5,109.9,214.4,Charlotte Hornets,Liam McNeeley,3.3,2.1,5.4,7,1.0; 1.0; 2.0; 5.0; 2.0; 1.0; 2.0,0.0; 2.0; 4.0; 1.0; 0.0; 2.0; 2.0
2026-10-06T23:00Z,NBA,Brooklyn Nets @ Charlotte Hornets,Charlotte Hornets,Brooklyn Nets,104.5,109.9,214.4,Charlotte Hornets,Brandon Miller,2.5,3.2,5.8,7,1.0; 0.0; 0.0; 2.0; 2.0; 1.0; 0.0,3.0; 1.0; 7.0; 6.0; 5.0; 3.0; 1.0
2026-10-06T23:00Z,NBA,Brooklyn Nets @ Charlotte Hornets,Charlotte Hornets,Brooklyn Nets,104.5,109.9,214.4,Charlotte Hornets,Royce O'Neale,4.6,3.1,7.8,7,13.0; 4.0; 4.0; 5.0; 4.0; 3.0; 3.0,7.0; 2.0; 1.0; 2.0; 3.0; 6.0; 2.0
2026-10-06T23:00Z,NBA,Brooklyn Nets @ Charlotte Hornets,Charlotte Hornets,Brooklyn Nets,104.5,109.9,214.4,Charlotte Hornets,Naz Reid,4.4,1.7,6.1,7,7.0; 10.0; 5.0; 3.0; 5.0; 3.0; 1.0,2.0; 2.0; 2.0; 1.0; 1.0; 1.0; 0.0
2026-10-07T00:00Z,NBA,New Orleans Pelicans @ Oklahoma City Thunder,Oklahoma City Thunder,New Orleans Pelicans,129.4,107.0,236.4,New Orleans Pelicans,Saddiq Bey,4.5,2.4,6.9,7,3.0; 2.0; 3.0; 6.0; 5.0; 6.0; 2.0,2.0; 0.0; 2.0; 3.0; 3.0; 3.0; 1.0
2026-10-07T00:00Z,NBA,New Orleans Pelicans @ Oklahoma City Thunder,Oklahoma City Thunder,New Orleans Pelicans,129.4,107.0,236.4,New Orleans Pelicans,Kobe Bufkin,3.3,1.5,4.8,7,2.0; 0.0; 1.0; 3.0; 1.0; 1.0; 4.0,1.0; 0.0; 1.0; 0.0; 1.0; 0.0; 1.0
2026-10-07T00:00Z,NBA,New Orleans Pelicans @ Oklahoma City Thunder,Oklahoma City Thunder,New Orleans Pelicans,129.4,107.0,236.4,New Orleans Pelicans,Jeremiah Fears,4.0,2.8,6.8,7,2.0; 4.0; 0.0; 6.0; 6.0; 1.0; 3.0,2.0; 1.0; 2.0; 2.0; 4.0; 3.0; 3.0
2026-10-07T00:00Z,NBA,New Orleans Pelicans @ Oklahoma City Thunder,Oklahoma City Thunder,New Orleans Pelicans,129.4,107.0,236.4,New Orleans Pelicans,Caleb Houstan,2.7,1.2,3.9,7,0.0; 0.0; 0.0; 0.0; 2.0; 1.0; 2.0,0.0; 0.0; 0.0; 0.0; 1.0; 0.0; 0.0
2026-10-07T00:00Z,NBA,New Orleans Pelicans @ Oklahoma City Thunder,Oklahoma City Thunder,New Orleans Pelicans,129.4,107.0,236.4,New Orleans Pelicans,AJ Johnson,2.3,1.4,3.7,7,0.0; 2.0; 0.0; 1.0; 0.0; 0.0; 1.0,2.0; 1.0; 0.0; 0.0; 0.0; 0.0; 1.0
2026-10-07T00:00Z,NBA,New Orleans Pelicans @ Oklahoma City Thunder,Oklahoma City Thunder,New Orleans Pelicans,129.4,107.0,236.4,New Orleans Pelicans,Herbert Jones,4.6,2.1,6.6,7,4.0; 1.0; 2.0; 7.0; 9.0; 3.0; 2.0,4.0; 1.0; 0.0; 2.0; 3.0; 1.0; 1.0
2026-10-07T00:00Z,NBA,New Orleans Pelicans @ Oklahoma City Thunder,Oklahoma City Thunder,New Orleans Pelicans,129.4,107.0,236.4,New Orleans Pelicans,DeAndre Jordan,6.6,1.3,7.8,7,2.0; 7.0; 7.0; 8.0; 15.0; 5.0; 5.0,1.0; 0.0; 0.0; 2.0; 0.0; 0.0; 0.0
2026-10-07T00:00Z,NBA,New Orleans Pelicans @ Oklahoma City Thunder,Oklahoma City Thunder,New Orleans Pelicans,129.4,107.0,236.4,New Orleans Pelicans,Christian Koloko,4.5,1.8,6.2,7,0.0; 1.0; 7.0; 8.0; 2.0; 2.0; 5.0,0.0; 1.0; 1.0; 2.0; 4.0; 0.0; 0.0
2026-10-07T00:00Z,NBA,New Orleans Pelicans @ Oklahoma City Thunder,Oklahoma City Thunder,New Orleans Pelicans,129.4,107.0,236.4,New Orleans Pelicans,Bennedict Mathurin,5.2,1.7,6.8,7,3.0; 3.0; 11.0; 4.0; 4.0; 6.0; 4.0,2.0; 4.0; 1.0; 0.0; 1.0; 1.0; 0.0
2026-10-07T00:00Z,NBA,New Orleans Pelicans @ Oklahoma City Thunder,Oklahoma City Thunder,New Orleans Pelicans,129.4,107.0,236.4,New Orleans Pelicans,Karlo Matkovic,3.6,1.6,5.2,7,2.0; 2.0; 0.0; 0.0; 2.0; 4.0; 4.0,0.0; 0.0; 0.0; 0.0; 1.0; 2.0; 1.0
2026-10-07T00:00Z,NBA,New Orleans Pelicans @ Oklahoma City Thunder,Oklahoma City Thunder,New Orleans Pelicans,129.4,107.0,236.4,New Orleans Pelicans,Bryce McGowens,2.6,1.5,4.1,7,0.0; 0.0; 0.0; 1.0; 1.0; 2.0; 1.0,2.0; 1.0; 0.0; 0.0; 0.0; 2.0; 0.0
2026-10-07T00:00Z,NBA,New Orleans Pelicans @ Oklahoma City Thunder,Oklahoma City Thunder,New Orleans Pelicans,129.4,107.0,236.4,New Orleans Pelicans,Yves Missi,6.7,1.9,8.6,7,4.0; 7.0; 7.0; 7.0; 10.0; 6.0; 8.0,0.0; 3.0; 1.0; 0.0; 0.0; 3.0; 1.0
2026-10-07T00:00Z,NBA,New Orleans Pelicans @ Oklahoma City Thunder,Oklahoma City Thunder,New Orleans Pelicans,129.4,107.0,236.4,New Orleans Pelicans,Trey Murphy III,5.1,2.3,7.4,7,7.0; 5.0; 10.0; 7.0; 7.0; 4.0; 1.0,0.0; 5.0; 5.0; 3.0; 3.0; 1.0; 0.0
2026-10-07T00:00Z,NBA,New Orleans Pelicans @ Oklahoma City Thunder,Oklahoma City Thunder,New Orleans Pelicans,129.4,107.0,236.4,New Orleans Pelicans,Dejounte Murray,4.9,4.6,9.5,7,5.0; 6.0; 8.0; 8.0; 5.0; 3.0; 2.0,6.0; 2.0; 5.0; 8.0; 5.0; 9.0; 3.0
2026-10-07T00:00Z,NBA,New Orleans Pelicans @ Oklahoma City Thunder,Oklahoma City Thunder,New Orleans Pelicans,129.4,107.0,236.4,Oklahoma City Thunder,Brooks Barnhizer,5.6,2.1,7.7,7,0.0; 4.0; 12.0; 11.0; 3.0; 7.0; 3.0,0.0; 2.0; 2.0; 1.0; 3.0; 2.0; 1.0
2026-10-07T00:00Z,NBA,New Orleans Pelicans @ Oklahoma City Thunder,Oklahoma City Thunder,New Orleans Pelicans,129.4,107.0,236.4,Oklahoma City Thunder,Alex Caruso,2.7,2.1,4.8,7,2.0; 2.0; 2.0; 2.0; 1.0; 0.0; 1.0,0.0; 2.0; 3.0; 3.0; 0.0; 2.0; 1.0
2026-10-07T00:00Z,NBA,New Orleans Pelicans @ Oklahoma City Thunder,Oklahoma City Thunder,New Orleans Pelicans,129.4,107.0,236.4,Oklahoma City Thunder,Shai Gilgeous-Alexander,4.1,4.5,8.6,7,4.0; 5.0; 8.0; 5.0; 4.0; 2.0; 1.0,8.0; 5.0; 5.0; 5.0; 5.0; 6.0; 5.0
2026-10-07T00:00Z,NBA,New Orleans Pelicans @ Oklahoma City Thunder,Oklahoma City Thunder,New Orleans Pelicans,129.4,107.0,236.4,Oklahoma City Thunder,Isaiah Hartenstein,6.3,2.6,8.9,7,12.0; 10.0; 14.0; 8.0; 3.0; 8.0; 3.0,0.0; 2.0; 2.0; 5.0; 1.0; 1.0; 4.0
2026-10-07T00:00Z,NBA,New Orleans Pelicans @ Oklahoma City Thunder,Oklahoma City Thunder,New Orleans Pelicans,129.4,107.0,236.4,Oklahoma City Thunder,Chet Holmgren,7.3,2.5,9.7,7,7.0; 5.0; 11.0; 11.0; 12.0; 7.0; 6.0,1.0; 3.0; 2.0; 1.0; 2.0; 2.0; 3.0
2026-10-07T00:00Z,NBA,New Orleans Pelicans @ Oklahoma City Thunder,Oklahoma City Thunder,New Orleans Pelicans,129.4,107.0,236.4,Oklahoma City Thunder,Jared McCain,2.5,1.8,4.3,7,1.0; 2.0; 2.0; 0.0; 1.0; 0.0; 1.0,2.0; 0.0; 0.0; 0.0; 1.0; 1.0; 2.0
2026-10-07T00:00Z,NBA,New Orleans Pelicans @ Oklahoma City Thunder,Oklahoma City Thunder,New Orleans Pelicans,129.4,107.0,236.4,Oklahoma City Thunder,Ajay Mitchell,3.8,3.0,6.8,7,1.0; 0.0; 7.0; 7.0; 3.0; 2.0; 1.0,2.0; 1.0; 1.0; 7.0; 4.0; 2.0; 3.0
2026-10-07T01:00Z,NBA,Denver Nuggets @ Utah Jazz,Utah Jazz,Denver Nuggets,110.1,105.4,215.6,Denver Nuggets,Marvin Bagley III,6.0,2.3,8.3,7,7.0; 1.0; 4.0; 3.0; 5.0; 11.0; 7.0,3.0; 0.0; 1.0; 1.0; 2.0; 3.0; 2.0
2026-10-07T01:00Z,NBA,Denver Nuggets @ Utah Jazz,Utah Jazz,Denver Nuggets,110.1,105.4,215.6,Denver Nuggets,Christian Braun,3.9,2.4,6.4,7,3.0; 3.0; 4.0; 7.0; 1.0; 2.0; 3.0,2.0; 3.0; 2.0; 5.0; 3.0; 2.0; 0.0
2026-10-07T01:00Z,NBA,Denver Nuggets @ Utah Jazz,Utah Jazz,Denver Nuggets,110.1,105.4,215.6,Denver Nuggets,DeMar DeRozan,4.5,3.3,7.8,7,1.0; 6.0; 3.0; 6.0; 3.0; 1.0; 6.0,3.0; 3.0; 6.0; 9.0; 2.0; 0.0; 4.0
2026-10-07T01:00Z,NBA,Denver Nuggets @ Utah Jazz,Utah Jazz,Denver Nuggets,110.1,105.4,215.6,Denver Nuggets,Aaron Gordon,5.1,2.1,7.2,7,9.0; 3.0; 2.0; 8.0; 4.0; 7.0; 3.0,3.0; 3.0; 1.0; 2.0; 1.0; 2.0; 1.0
2026-10-07T01:00Z,NBA,Denver Nuggets @ Utah Jazz,Utah Jazz,Denver Nuggets,110.1,105.4,215.6,Denver Nuggets,DaRon Holmes II,2.8,1.5,4.3,7,0.0; 0.0; 4.0; 1.0; 0.0; 2.0; 1.0,0.0; 0.0; 1.0; 0.0; 0.0; 0.0; 2.0
2026-10-07T01:00Z,NBA,Denver Nuggets @ Utah Jazz,Utah Jazz,Denver Nuggets,110.1,105.4,215.6,Denver Nuggets,Cameron Johnson,3.4,1.9,5.3,7,4.0; 3.0; 6.0; 3.0; 0.0; 4.0; 0.0,1.0; 2.0; 4.0; 1.0; 0.0; 1.0; 1.0
2026-10-07T01:00Z,NBA,Denver Nuggets @ Utah Jazz,Utah Jazz,Denver Nuggets,110.1,105.4,215.6,Denver Nuggets,Nikola Jokic,7.4,5.0,12.4,7,19.0; 14.0; 13.0; 8.0; 9.0; 6.0; 5.0,10.0; 15.0; 10.0; 8.0; 6.0; 5.0; 2.0
2026-10-07T01:00Z,NBA,Denver Nuggets @ Utah Jazz,Utah Jazz,Denver Nuggets,110.1,105.4,215.6,Denver Nuggets,Spencer Jones,2.7,1.2,3.9,7,0.0; 0.0; 2.0; 1.0; 2.0; 1.0; 1.0,0.0; 0.0; 0.0; 1.0; 0.0; 0.0; 0.0
2026-10-07T01:00Z,NBA,Denver Nuggets @ Utah Jazz,Utah Jazz,Denver Nuggets,110.1,105.4,215.6,Denver Nuggets,Tyus Jones,2.7,2.3,5.1,7,0.0; 1.0; 2.0; 1.0; 0.0; 1.0; 2.0,1.0; 2.0; 3.0; 5.0; 1.0; 2.0; 1.0
2026-10-07T01:00Z,NBA,Denver Nuggets @ Utah Jazz,Utah Jazz,Denver Nuggets,110.1,105.4,215.6,Denver Nuggets,Emanuel Miller,2.5,1.2,3.7,7,0.0; 0.0; 1.0; 1.0; 0.0; 0.0; 2.0,0.0; 2.0; 0.0; 0.0; 0.0; 0.0; 0.0
2026-10-07T01:00Z,NBA,Denver Nuggets @ Utah Jazz,Utah Jazz,Denver Nuggets,110.1,105.4,215.6,Utah Jazz,Trey Alexander,2.8,1.7,4.5,7,0.0; 0.0; 2.0; 2.0; 0.0; 0.0; 3.0,1.0; 0.0; 1.0; 3.0; 0.0; 2.0; 0.0
2026-10-07T01:00Z,NBA,Denver Nuggets @ Utah Jazz,Utah Jazz,Denver Nuggets,110.1,105.4,215.6,Utah Jazz,Ace Bailey,4.7,2.1,6.8,7,3.0; 1.0; 2.0; 4.0; 1.0; 7.0; 6.0,2.0; 1.0; 1.0; 2.0; 0.0; 1.0; 3.0
2026-10-07T01:00Z,NBA,Denver Nuggets @ Utah Jazz,Utah Jazz,Denver Nuggets,110.1,105.4,215.6,Utah Jazz,Mo Bamba,4.6,1.8,6.3,5,12.0; 8.0; 2.0; 0.0; 3.0,0.0; 1.0; 0.0; 0.0; 2.0
2026-10-07T01:00Z,NBA,Denver Nuggets @ Utah Jazz,Utah Jazz,Denver Nuggets,110.1,105.4,215.6,Utah Jazz,Tamar Bates,3.1,1.9,5.0,3,0.0; 0.0; 0.0,0.0; 1.0; 0.0
2026-10-07T01:00Z,NBA,Denver Nuggets @ Utah Jazz,Utah Jazz,Denver Nuggets,110.1,105.4,215.6,Utah Jazz,Isaiah Collier,3.8,5.2,9.0,7,1.0; 2.0; 4.0; 5.0; 6.0; 3.0; 0.0,2.0; 6.0; 9.0; 7.0; 11.0; 7.0; 3.0
2026-10-07T01:00Z,NBA,Denver Nuggets @ Utah Jazz,Utah Jazz,Denver Nuggets,110.1,105.4,215.6,Utah Jazz,Kyle Filipowski,4.3,2.3,6.6,7,2.0; 4.0; 6.0; 6.0; 4.0; 2.0; 3.0,1.0; 3.0; 1.0; 4.0; 5.0; 0.0; 1.0
2026-10-07T01:00Z,NBA,Denver Nuggets @ Utah Jazz,Utah Jazz,Denver Nuggets,110.1,105.4,215.6,Utah Jazz,Keyonte George,4.0,5.5,9.5,7,5.0; 2.0; 2.0; 1.0; 0.0; 9.0; 2.0,10.0; 10.0; 9.0; 2.0; 2.0; 8.0; 9.0
2026-10-07T01:00Z,NBA,Denver Nuggets @ Utah Jazz,Utah Jazz,Denver Nuggets,110.1,105.4,215.6,Utah Jazz,Josh Green,3.0,1.7,4.7,7,1.0; 2.0; 1.0; 3.0; 3.0; 2.0; 0.0,0.0; 2.0; 1.0; 2.0; 1.0; 0.0; 1.0
2026-10-07T01:00Z,NBA,Denver Nuggets @ Utah Jazz,Utah Jazz,Denver Nuggets,110.1,105.4,215.6,Utah Jazz,Jaxson Hayes,5.5,2.1,7.6,7,2.0; 6.0; 4.0; 10.0; 4.0; 6.0; 5.0,3.0; 1.0; 0.0; 4.0; 1.0; 2.0; 1.0
2026-10-07T01:00Z,NBA,Denver Nuggets @ Utah Jazz,Utah Jazz,Denver Nuggets,110.1,105.4,215.6,Utah Jazz,Blake Hinson,3.4,1.5,4.9,7,2.0; 4.0; 1.0; 5.0; 0.0; 4.0; 1.0,3.0; 0.0; 0.0; 0.0; 1.0; 0.0; 1.0
2026-10-07T01:00Z,NBA,Denver Nuggets @ Utah Jazz,Utah Jazz,Denver Nuggets,110.1,105.4,215.6,Utah Jazz,Harrison Ingram,4.0,1.6,5.6,7,2.0; 0.0; 1.0; 2.0; 4.0; 2.0; 6.0,0.0; 0.0; 0.0; 0.0; 3.0; 0.0; 1.0
2026-10-07T01:00Z,NBA,Denver Nuggets @ Utah Jazz,Utah Jazz,Denver Nuggets,110.1,105.4,215.6,Utah Jazz,Jaren Jackson Jr.,4.5,1.9,6.4,7,6.0; 7.0; 2.0; 3.0; 8.0; 3.0; 2.0,3.0; 0.0; 1.0; 1.0; 1.0; 2.0; 1.0
2026-10-07T01:00Z,NBA,Denver Nuggets @ Utah Jazz,Utah Jazz,Denver Nuggets,110.1,105.4,215.6,Utah Jazz,Lauri Markkanen,5.3,3.2,8.4,7,4.0; 5.0; 14.0; 4.0; 6.0; 3.0; 4.0,0.0; 2.0; 3.0; 1.0; 5.0; 5.0; 3.0
2026-10-07T02:00Z,NBA,Los Angeles Lakers @ Golden State Warriors,Golden State Warriors,Los Angeles Lakers,107.4,112.7,220.1,Los Angeles Lakers,Luka Doncic,7.6,5.9,13.5,7,9.0; 11.0; 12.0; 11.0; 12.0; 5.0; 7.0,13.0; 10.0; 6.0; 8.0; 9.0; 9.0; 4.0
2026-10-07T02:00Z,NBA,Los Angeles Lakers @ Golden State Warriors,Golden State Warriors,Los Angeles Lakers,107.4,112.7,220.1,Los Angeles Lakers,Quentin Grimes,4.5,4.1,8.6,7,6.0; 2.0; 7.0; 5.0; 3.0; 5.0; 2.0,13.0; 3.0; 3.0; 3.0; 4.0; 5.0; 5.0
2026-10-07T02:00Z,NBA,Los Angeles Lakers @ Golden State Warriors,Golden State Warriors,Los Angeles Lakers,107.4,112.7,220.1,Los Angeles Lakers,Jaden Hardy,3.4,1.7,5.1,7,1.0; 1.0; 1.0; 0.0; 6.0; 1.0; 3.0,0.0; 0.0; 0.0; 1.0; 3.0; 0.0; 1.0
2026-10-07T02:00Z,NBA,Los Angeles Lakers @ Golden State Warriors,Golden State Warriors,Los Angeles Lakers,107.4,112.7,220.1,Los Angeles Lakers,Bronny James,3.8,2.2,6.1,7,0.0; 3.0; 0.0; 4.0; 1.0; 3.0; 5.0,0.0; 3.0; 0.0; 2.0; 1.0; 3.0; 2.0
2026-10-07T02:00Z,NBA,Los Angeles Lakers @ Golden State Warriors,Golden State Warriors,Los Angeles Lakers,107.4,112.7,220.1,Los Angeles Lakers,Walker Kessler,8.3,4.0,12.3,6,13.0; 12.0; 11.0; 9.0; 9.0; 10.0,1.0; 4.0; 4.0; 2.0; 4.0; 8.0
2026-10-07T02:00Z,NBA,Los Angeles Lakers @ Golden State Warriors,Golden State Warriors,Los Angeles Lakers,107.4,112.7,220.1,Los Angeles Lakers,Dalton Knecht,4.8,2.2,7.0,7,1.0; 1.0; 8.0; 1.0; 3.0; 6.0; 6.0,0.0; 0.0; 7.0; 1.0; 2.0; 3.0; 0.0
2026-10-07T02:00Z,NBA,Los Angeles Lakers @ Golden State Warriors,Golden State Warriors,Los Angeles Lakers,107.4,112.7,220.1,Los Angeles Lakers,Jake LaRavia,4.0,2.6,6.6,7,0.0; 3.0; 0.0; 8.0; 3.0; 0.0; 5.0,1.0; 0.0; 3.0; 3.0; 5.0; 3.0; 1.0
2026-10-07T02:00Z,NBA,Los Angeles Lakers @ Golden State Warriors,Golden State Warriors,Los Angeles Lakers,107.4,112.7,220.1,Los Angeles Lakers,Kevon Looney,4.3,2.1,6.4,7,6.0; 6.0; 6.0; 4.0; 3.0; 2.0; 3.0,2.0; 0.0; 2.0; 2.0; 2.0; 1.0; 2.0
2026-10-07T02:00Z,NBA,Los Angeles Lakers @ Golden State Warriors,Golden State Warriors,Los Angeles Lakers,107.4,112.7,220.1,Los Angeles Lakers,Sandro Mamukelashvili,5.8,2.4,8.1,7,4.0; 5.0; 7.0; 9.0; 5.0; 5.0; 6.0,3.0; 2.0; 3.0; 3.0; 3.0; 0.0; 2.0
2026-10-07T02:00Z,NBA,Los Angeles Lakers @ Golden State Warriors,Golden State Warriors,Los Angeles Lakers,107.4,112.7,220.1,Los Angeles Lakers,Chris Manon,2.6,1.2,3.8,7,2.0; 2.0; 1.0; 0.0; 1.0; 1.0; 1.0,1.0; 0.0; 1.0; 0.0; 0.0; 0.0; 0.0
2026-10-07T02:00Z,NBA,Los Angeles Lakers @ Golden State Warriors,Golden State Warriors,Los Angeles Lakers,107.4,112.7,220.1,Los Angeles Lakers,Austin Reaves,4.7,4.1,8.8,7,11.0; 7.0; 5.0; 4.0; 4.0; 3.0; 3.0,9.0; 11.0; 9.0; 8.0; 2.0; 3.0; 2.0
2026-10-07T02:00Z,NBA,Los Angeles Lakers @ Golden State Warriors,Golden State Warriors,Los Angeles Lakers,107.4,112.7,220.1,Golden State Warriors,Charles Bassey,6.0,1.4,7.4,7,1.0; 1.0; 0.0; 5.0; 10.0; 17.0; 1.0,0.0; 0.0; 0.0; 1.0; 1.0; 1.0; 0.0
2026-10-07T02:00Z,NBA,Los Angeles Lakers @ Golden State Warriors,Golden State Warriors,Los Angeles Lakers,107.4,112.7,220.1,Golden State Warriors,Jimmy Butler III,4.5,3.4,7.9,7,5.0; 5.0; 3.0; 5.0; 5.0; 2.0; 4.0,5.0; 5.0; 4.0; 6.0; 4.0; 3.0; 2.0
2026-10-07T02:00Z,NBA,Los Angeles Lakers @ Golden State Warriors,Golden State Warriors,Los Angeles Lakers,107.4,112.7,220.1,Golden State Warriors,LJ Cryer,2.7,2.0,4.7,7,0.0; 0.0; 4.0; 2.0; 0.0; 1.0; 1.0,0.0; 0.0; 2.0; 2.0; 2.0; 2.0; 1.0
2026-10-07T02:00Z,NBA,Los Angeles Lakers @ Golden State Warriors,Golden State Warriors,Los Angeles Lakers,107.4,112.7,220.1,Golden State Warriors,Stephen Curry,4.2,3.4,7.7,7,6.0; 6.0; 1.0; 4.0; 6.0; 4.0; 1.0,3.0; 7.0; 4.0; 5.0; 5.0; 3.0; 2.0
2026-10-07T02:00Z,NBA,Los Angeles Lakers @ Golden State Warriors,Golden State Warriors,Los Angeles Lakers,107.4,112.7,220.1,Golden State Warriors,Draymond Green,4.1,4.0,8.1,7,3.0; 8.0; 7.0; 5.0; 1.0; 1.0; 3.0,5.0; 8.0; 9.0; 3.0; 4.0; 2.0; 5.0
2026-10-07T02:00Z,NBA,Los Angeles Lakers @ Golden State Warriors,Golden State Warriors,Los Angeles Lakers,107.4,112.7,220.1,Golden State Warriors,Al Horford,4.0,2.3,6.3,7,4.0; 3.0; 5.0; 0.0; 4.0; 2.0; 4.0,0.0; 2.0; 1.0; 2.0; 1.0; 2.0; 3.0
2026-10-07T02:00Z,NBA,Los Angeles Lakers @ Golden State Warriors,Golden State Warriors,Los Angeles Lakers,107.4,112.7,220.1,Golden State Warriors,Miles Kelly,3.2,2.1,5.4,7,3.0; 4.0; 0.0; 0.0; 1.0; 1.0; 4.0,2.0; 0.0; 0.0; 4.0; 0.0; 1.0; 3.0
2026-10-07T02:00Z,NBA,Los Angeles Lakers @ Golden State Warriors,Golden State Warriors,Los Angeles Lakers,107.4,112.7,220.1,Golden State Warriors,Malevy Leons,5.4,1.4,6.9,7,2.0; 3.0; 2.0; 3.0; 4.0; 4.0; 11.0,0.0; 2.0; 0.0; 1.0; 0.0; 0.0; 1.0
2026-10-07T02:00Z,NBA,Los Angeles Lakers @ Golden State Warriors,Golden State Warriors,Los Angeles Lakers,107.4,112.7,220.1,Golden State Warriors,De'Anthony Melton,2.7,2.3,5.0,7,0.0; 2.0; 0.0; 1.0; 2.0; 1.0; 1.0,1.0; 5.0; 2.0; 1.0; 1.0; 1.0; 3.0
2026-10-07T02:00Z,NBA,Los Angeles Lakers @ Golden State Warriors,Golden State Warriors,Los Angeles Lakers,107.4,112.7,220.1,Golden State Warriors,Moses Moody,3.3,1.7,5.0,7,2.0; 3.0; 3.0; 2.0; 2.0; 4.0; 0.0,3.0; 0.0; 2.0; 1.0; 0.0; 1.0; 1.0
2026-10-07T02:00Z,NBA,Los Angeles Lakers @ Golden State Warriors,Golden State Warriors,Los Angeles Lakers,107.4,112.7,220.1,Golden State Warriors,Georges Niang,4.1,1.4,5.5,7,6.0; 5.0; 1.0; 0.0; 3.0; 3.0; 5.0,1.0; 0.0; 0.0; 3.0; 0.0; 0.0; 0.0
2026-10-07T02:00Z,NBA,Los Angeles Lakers @ Golden State Warriors,Golden State Warriors,Los Angeles Lakers,107.4,112.7,220.1,Golden State Warriors,Gary Payton II,3.1,1.3,4.4,7,6.0; 2.0; 3.0; 3.0; 2.0; 1.0; 0.0,1.0; 1.0; 1.0; 0.0; 1.0; 0.0; 0.0
2026-10-07T02:00Z,NBA,Los Angeles Lakers @ Golden State Warriors,Golden State Warriors,Los Angeles Lakers,107.4,112.7,220.1,Golden State Warriors,Brandin Podziemski,3.9,3.5,7.5,7,3.0; 7.0; 2.0; 2.0; 5.0; 4.0; 1.0,1.0; 2.0; 1.0; 4.0; 8.0; 3.0; 4.0
2026-10-07T23:30Z,WNBA,New York Liberty @ Atlanta Dream,Atlanta Dream,New York Liberty,86.4,78.2,164.6,New York Liberty,Rebecca Allen,3.0,1.6,4.6,7,0.0; 0.0; 0.0; 2.0; 3.0; 4.0; 0.0,0.0; 0.0; 0.0; 0.0; 1.0; 2.0; 1.0
2026-10-07T23:30Z,WNBA,New York Liberty @ Atlanta Dream,Atlanta Dream,New York Liberty,86.4,78.2,164.6,New York Liberty,Pauline Astier,3.8,3.5,7.3,7,0.0; 5.0; 3.0; 5.0; 5.0; 2.0; 1.0,1.0; 2.0; 2.0; 3.0; 7.0; 4.0; 4.0
2026-10-07T23:30Z,WNBA,New York Liberty @ Atlanta Dream,Atlanta Dream,New York Liberty,86.4,78.2,164.6,New York Liberty,Raquel Carrera,2.7,1.4,4.1,7,5.0; 0.0; 0.0; 0.0; 5.0; 0.0; 0.0,0.0; 0.0; 0.0; 0.0; 1.0; 0.0; 1.0
2026-10-07T23:30Z,WNBA,New York Liberty @ Atlanta Dream,Atlanta Dream,New York Liberty,86.4,78.2,164.6,New York Liberty,Marine Fauthoux,3.1,1.9,5.0,7,3.0; 1.0; 10.0; 0.0; 0.0; 0.0; 2.0,1.0; 1.0; 2.0; 4.0; 1.0; 1.0; 0.0
2026-10-07T23:30Z,WNBA,New York Liberty @ Atlanta Dream,Atlanta Dream,New York Liberty,86.4,78.2,164.6,New York Liberty,Leonie Fiebich,3.4,2.2,5.6,7,2.0; 3.0; 7.0; 4.0; 2.0; 2.0; 0.0,2.0; 1.0; 1.0; 2.0; 4.0; 1.0; 1.0
2026-10-07T23:30Z,WNBA,New York Liberty @ Atlanta Dream,Atlanta Dream,New York Liberty,86.4,78.2,164.6,New York Liberty,Rebekah Gardner,4.2,2.2,6.4,7,2.0; 5.0; 2.0; 3.0; 4.0; 7.0; 1.0,0.0; 5.0; 4.0; 2.0; 0.0; 1.0; 2.0
2026-10-07T23:30Z,WNBA,New York Liberty @ Atlanta Dream,Atlanta Dream,New York Liberty,86.4,78.2,164.6,New York Liberty,Sabrina Ionescu,3.6,3.3,6.9,7,3.0; 1.0; 3.0; 3.0; 5.0; 1.0; 2.0,2.0; 3.0; 1.0; 3.0; 7.0; 2.0; 4.0
2026-10-07T23:30Z,WNBA,New York Liberty @ Atlanta Dream,Atlanta Dream,New York Liberty,86.4,78.2,164.6,New York Liberty,Marine Johannes,4.2,3.6,7.8,7,3.0; 3.0; 3.0; 4.0; 1.0; 5.0; 4.0,5.0; 1.0; 11.0; 4.0; 2.0; 3.0; 4.0
2026-10-07T23:30Z,WNBA,New York Liberty @ Atlanta Dream,Atlanta Dream,New York Liberty,86.4,78.2,164.6,New York Liberty,Jonquel Jones,6.0,2.1,8.2,7,8.0; 9.0; 7.0; 8.0; 5.0; 5.0; 6.0,3.0; 3.0; 3.0; 2.0; 1.0; 0.0; 2.0
2026-10-07T23:30Z,WNBA,New York Liberty @ Atlanta Dream,Atlanta Dream,New York Liberty,86.4,78.2,164.6,New York Liberty,Anneli Maley,4.6,1.7,6.3,7,3.0; 0.0; 0.0; 3.0; 2.0; 6.0; 7.0,0.0; 0.0; 0.0; 0.0; 0.0; 1.0; 3.0
2026-10-07T23:30Z,WNBA,New York Liberty @ Atlanta Dream,Atlanta Dream,New York Liberty,86.4,78.2,164.6,New York Liberty,Satou Sabally,3.8,1.9,5.7,7,2.0; 5.0; 5.0; 3.0; 0.0; 2.0; 4.0,2.0; 1.0; 0.0; 1.0; 0.0; 2.0; 2.0
2026-10-07T23:30Z,WNBA,New York Liberty @ Atlanta Dream,Atlanta Dream,New York Liberty,86.4,78.2,164.6,New York Liberty,Madison Scott,2.9,1.6,4.5,4,0.0; 0.0; 0.0; 1.0,0.0; 1.0; 0.0; 0.0
2026-10-07T23:30Z,WNBA,New York Liberty @ Atlanta Dream,Atlanta Dream,New York Liberty,86.4,78.2,164.6,New York Liberty,Breanna Stewart,6.7,2.2,8.9,7,9.0; 7.0; 10.0; 9.0; 10.0; 6.0; 5.0,2.0; 1.0; 4.0; 4.0; 2.0; 2.0; 0.0
2026-10-07T23:30Z,WNBA,New York Liberty @ Atlanta Dream,Atlanta Dream,New York Liberty,86.4,78.2,164.6,New York Liberty,Han Xu,3.2,1.6,4.8,7,0.0; 2.0; 0.0; 5.0; 2.0; 1.0; 2.0,0.0; 2.0; 0.0; 0.0; 1.0; 1.0; 1.0
2026-10-07T23:30Z,WNBA,New York Liberty @ Atlanta Dream,Atlanta Dream,New York Liberty,86.4,78.2,164.6,Atlanta Dream,DeWanna Bonner,5.3,1.8,7.2,7,4.0; 7.0; 7.0; 8.0; 7.0; 4.0; 3.0,1.0; 0.0; 2.0; 3.0; 2.0; 1.0; 0.0
2026-10-07T23:30Z,WNBA,New York Liberty @ Atlanta Dream,Atlanta Dream,New York Liberty,86.4,78.2,164.6,Atlanta Dream,Isobel Borlase,2.6,2.0,4.5,7,4.0; 1.0; 1.0; 0.0; 0.0; 1.0; 1.0,2.0; 0.0; 0.0; 0.0; 0.0; 2.0; 3.0
2026-10-07T23:30Z,WNBA,New York Liberty @ Atlanta Dream,Atlanta Dream,New York Liberty,86.4,78.2,164.6,Atlanta Dream,Jordin Canada,3.6,4.0,7.6,7,7.0; 5.0; 3.0; 7.0; 2.0; 0.0; 1.0,14.0; 6.0; 5.0; 5.0; 6.0; 1.0; 4.0
2026-10-07T23:30Z,WNBA,New York Liberty @ Atlanta Dream,Atlanta Dream,New York Liberty,86.4,78.2,164.6,Atlanta Dream,Allisha Gray,4.1,1.5,5.6,7,1.0; 4.0; 9.0; 4.0; 8.0; 1.0; 0.0,0.0; 1.0; 1.0; 0.0; 3.0; 0.0; 0.0
2026-10-07T23:30Z,WNBA,New York Liberty @ Atlanta Dream,Atlanta Dream,New York Liberty,86.4,78.2,164.6,Atlanta Dream,Naz Hillmon,4.5,1.8,6.3,7,8.0; 4.0; 3.0; 5.0; 3.0; 7.0; 1.0,1.0; 0.0; 2.0; 0.0; 1.0; 2.0; 1.0
2026-10-07T23:30Z,WNBA,New York Liberty @ Atlanta Dream,Atlanta Dream,New York Liberty,86.4,78.2,164.6,Atlanta Dream,Rhyne Howard,3.6,3.3,6.9,7,2.0; 8.0; 4.0; 3.0; 6.0; 0.0; 0.0,4.0; 0.0; 8.0; 4.0; 5.0; 3.0; 2.0
2026-10-07T23:30Z,WNBA,New York Liberty @ Atlanta Dream,Atlanta Dream,New York Liberty,86.4,78.2,164.6,Atlanta Dream,Brionna Jones,6.4,2.4,8.8,7,7.0; 4.0; 7.0; 5.0; 7.0; 10.0; 6.0,3.0; 6.0; 0.0; 0.0; 1.0; 1.0; 4.0
2026-10-07T23:30Z,WNBA,New York Liberty @ Atlanta Dream,Atlanta Dream,New York Liberty,86.4,78.2,164.6,Atlanta Dream,Sika Kone,3.5,1.3,4.8,7,0.0; 1.0; 0.0; 2.0; 0.0; 2.0; 6.0,0.0; 0.0; 0.0; 0.0; 0.0; 0.0; 1.0
2026-10-07T23:30Z,WNBA,New York Liberty @ Atlanta Dream,Atlanta Dream,New York Liberty,86.4,78.2,164.6,Atlanta Dream,Indya Nivar,3.4,1.8,5.2,7,3.0; 1.0; 1.0; 6.0; 1.0; 2.0; 2.0,1.0; 0.0; 1.0; 3.0; 0.0; 0.0; 2.0
2026-10-07T23:30Z,WNBA,New York Liberty @ Atlanta Dream,Atlanta Dream,New York Liberty,86.4,78.2,164.6,Atlanta Dream,Madina Okot,6.5,1.3,7.8,7,2.0; 5.0; 11.0; 5.0; 4.0; 6.0; 11.0,0.0; 0.0; 1.0; 0.0; 0.0; 1.0; 0.0
2026-10-07T23:30Z,WNBA,New York Liberty @ Atlanta Dream,Atlanta Dream,New York Liberty,86.4,78.2,164.6,Atlanta Dream,Te-Hina Paopao,3.8,2.6,6.4,7,1.0; 2.0; 2.0; 3.0; 5.0; 2.0; 3.0,2.0; 2.0; 2.0; 1.0; 4.0; 0.0; 4.0
2026-10-07T23:30Z,WNBA,New York Liberty @ Atlanta Dream,Atlanta Dream,New York Liberty,86.4,78.2,164.6,Atlanta Dream,Angel Reese,7.8,2.2,10.0,7,10.0; 9.0; 8.0; 16.0; 14.0; 4.0; 7.0,4.0; 2.0; 3.0; 2.0; 2.0; 0.0; 2.0
2026-10-07T23:30Z,WNBA,New York Liberty @ Atlanta Dream,Atlanta Dream,New York Liberty,86.4,78.2,164.6,Atlanta Dream,Shatori Walker-Kimbrough,3.4,2.0,5.4,7,1.0; 0.0; 0.0; 0.0; 4.0; 2.0; 4.0,0.0; 0.0; 0.0; 0.0; 0.0; 4.0; 2.0
2026-10-08T01:30Z,WNBA,Las Vegas Aces @ Golden State Valkyries,Golden State Valkyries,Las Vegas Aces,79.9,78.5,158.4,Las Vegas Aces,Kierstan Bell,3.2,2.1,5.3,7,1.0; 0.0; 1.0; 0.0; 6.0; 0.0; 3.0,2.0; 1.0; 0.0; 1.0; 1.0; 1.0; 3.0
2026-10-08T01:30Z,WNBA,Las Vegas Aces @ Golden State Valkyries,Golden State Valkyries,Las Vegas Aces,79.9,78.5,158.4,Las Vegas Aces,Kalani Brown,3.0,1.4,4.4,6,1.0; 0.0; 0.0; 2.0; 0.0; 3.0,0.0; 0.0; 0.0; 0.0; 0.0; 1.0
2026-10-08T01:30Z,WNBA,Las Vegas Aces @ Golden State Valkyries,Golden State Valkyries,Las Vegas Aces,79.9,78.5,158.4,Las Vegas Aces,Dana Evans,3.1,2.2,5.3,7,0.0; 3.0; 1.0; 2.0; 1.0; 2.0; 2.0,1.0; 2.0; 2.0; 3.0; 2.0; 2.0; 1.0
2026-10-08T01:30Z,WNBA,Las Vegas Aces @ Golden State Valkyries,Golden State Valkyries,Las Vegas Aces,79.9,78.5,158.4,Las Vegas Aces,Chelsea Gray,4.4,4.5,8.9,7,5.0; 7.0; 6.0; 3.0; 1.0; 2.0; 5.0,6.0; 10.0; 6.0; 5.0; 6.0; 5.0; 4.0
2026-10-08T01:30Z,WNBA,Las Vegas Aces @ Golden State Valkyries,Golden State Valkyries,Las Vegas Aces,79.9,78.5,158.4,Las Vegas Aces,Ta'Niya Latson,3.1,2.4,5.5,7,0.0; 0.0; 0.0; 0.0; 1.0; 1.0; 5.0,0.0; 0.0; 0.0; 0.0; 0.0; 2.0; 6.0
2026-10-08T01:30Z,WNBA,Las Vegas Aces @ Golden State Valkyries,Golden State Valkyries,Las Vegas Aces,79.9,78.5,158.4,Las Vegas Aces,Jewell Loyd,3.9,1.9,5.7,7,5.0; 4.0; 2.0; 4.0; 1.0; 6.0; 1.0,1.0; 1.0; 1.0; 3.0; 2.0; 0.0; 1.0
2026-10-08T01:30Z,WNBA,Las Vegas Aces @ Golden State Valkyries,Golden State Valkyries,Las Vegas Aces,79.9,78.5,158.4,Las Vegas Aces,Cheyenne Parker-Tyus,3.5,1.4,4.9,7,1.0; 2.0; 5.0; 0.0; 4.0; 5.0; 0.0,0.0; 1.0; 1.0; 1.0; 0.0; 1.0; 0.0
2026-10-08T01:30Z,WNBA,Las Vegas Aces @ Golden State Valkyries,Golden State Valkyries,Las Vegas Aces,79.9,78.5,158.4,Las Vegas Aces,Justine Pissott,2.8,1.7,4.4,7,3.0; 0.0; 2.0; 0.0; 1.0; 2.0; 1.0,1.0; 0.0; 0.0; 1.0; 0.0; 2.0; 1.0
2026-10-08T01:30Z,WNBA,Las Vegas Aces @ Golden State Valkyries,Golden State Valkyries,Las Vegas Aces,79.9,78.5,158.4,Las Vegas Aces,NaLyssa Smith,6.6,1.7,8.3,7,6.0; 4.0; 5.0; 6.0; 6.0; 4.0; 13.0,1.0; 0.0; 2.0; 2.0; 1.0; 0.0; 1.0
2026-10-08T01:30Z,WNBA,Las Vegas Aces @ Golden State Valkyries,Golden State Valkyries,Las Vegas Aces,79.9,78.5,158.4,Las Vegas Aces,Stephanie Talbot,3.9,1.8,5.7,7,5.0; 1.0; 2.0; 2.0; 2.0; 1.0; 6.0,2.0; 2.0; 0.0; 3.0; 0.0; 1.0; 1.0
2026-10-08T01:30Z,WNBA,Las Vegas Aces @ Golden State Valkyries,Golden State Valkyries,Las Vegas Aces,79.9,78.5,158.4,Las Vegas Aces,Brianna Turner,4.1,1.2,5.3,7,1.0; 0.0; 5.0; 6.0; 3.0; 1.0; 5.0,0.0; 0.0; 0.0; 1.0; 0.0; 0.0; 0.0
2026-10-08T01:30Z,WNBA,Las Vegas Aces @ Golden State Valkyries,Golden State Valkyries,Las Vegas Aces,79.9,78.5,158.4,Las Vegas Aces,A'ja Wilson,5.7,2.6,8.3,7,15.0; 6.0; 3.0; 11.0; 4.0; 4.0; 5.0,4.0; 1.0; 3.0; 1.0; 3.0; 4.0; 1.0
2026-10-08T01:30Z,WNBA,Las Vegas Aces @ Golden State Valkyries,Golden State Valkyries,Las Vegas Aces,79.9,78.5,158.4,Las Vegas Aces,Mai Yamamoto,3.2,2.6,5.8,7,1.0; 0.0; 1.0; 0.0; 0.0; 2.0; 5.0,1.0; 1.0; 6.0; 1.0; 0.0; 2.0; 4.0
2026-10-08T01:30Z,WNBA,Las Vegas Aces @ Golden State Valkyries,Golden State Valkyries,Las Vegas Aces,79.9,78.5,158.4,Las Vegas Aces,Jackie Young,4.1,4.1,8.3,7,7.0; 6.0; 1.0; 5.0; 6.0; 0.0; 3.0,7.0; 6.0; 6.0; 9.0; 3.0; 3.0; 4.0
2026-10-08T01:30Z,WNBA,Las Vegas Aces @ Golden State Valkyries,Golden State Valkyries,Las Vegas Aces,79.9,78.5,158.4,Golden State Valkyries,Laeticia Amihere,4.8,2.2,6.9,7,4.0; 4.0; 8.0; 1.0; 6.0; 4.0; 4.0,3.0; 1.0; 0.0; 1.0; 5.0; 1.0; 1.0
2026-10-08T01:30Z,WNBA,Las Vegas Aces @ Golden State Valkyries,Golden State Valkyries,Las Vegas Aces,79.9,78.5,158.4,Golden State Valkyries,Veronica Burton,3.5,4.8,8.2,7,2.0; 3.0; 4.0; 3.0; 3.0; 2.0; 1.0,6.0; 3.0; 7.0; 4.0; 12.0; 6.0; 3.0
2026-10-08T01:30Z,WNBA,Las Vegas Aces @ Golden State Valkyries,Golden State Valkyries,Las Vegas Aces,79.9,78.5,158.4,Golden State Valkyries,Kaila Charles,6.0,2.0,7.9,7,4.0; 7.0; 7.0; 7.0; 9.0; 4.0; 6.0,1.0; 0.0; 1.0; 1.0; 2.0; 1.0; 2.0
2026-10-08T01:30Z,WNBA,Las Vegas Aces @ Golden State Valkyries,Golden State Valkyries,Las Vegas Aces,79.9,78.5,158.4,Golden State Valkyries,Kaitlyn Chen,3.4,2.2,5.6,7,2.0; 1.0; 0.0; 6.0; 3.0; 1.0; 2.0,2.0; 0.0; 1.0; 0.0; 2.0; 2.0; 3.0
2026-10-08T01:30Z,WNBA,Las Vegas Aces @ Golden State Valkyries,Golden State Valkyries,Las Vegas Aces,79.9,78.5,158.4,Golden State Valkyries,Aminata Gueye,3.8,2.1,5.9,3,2.0; 3.0; 0.0,1.0; 2.0; 0.0
2026-10-08T01:30Z,WNBA,Las Vegas Aces @ Golden State Valkyries,Golden State Valkyries,Las Vegas Aces,79.9,78.5,158.4,Golden State Valkyries,Tiffany Hayes,2.4,2.0,4.4,7,0.0; 1.0; 2.0; 2.0; 1.0; 0.0; 0.0,1.0; 0.0; 3.0; 2.0; 2.0; 1.0; 1.0
2026-10-08T01:30Z,WNBA,Las Vegas Aces @ Golden State Valkyries,Golden State Valkyries,Las Vegas Aces,79.9,78.5,158.4,Golden State Valkyries,Juste Jocyte,2.3,1.9,4.3,7,2.0; 0.0; 0.0; 2.0; 1.0; 0.0; 0.0,1.0; 0.0; 0.0; 1.0; 1.0; 2.0; 2.0
2026-10-08T01:30Z,WNBA,Las Vegas Aces @ Golden State Valkyries,Golden State Valkyries,Las Vegas Aces,79.9,78.5,158.4,Golden State Valkyries,Ashten Prechtel,4.0,1.6,5.6,7,0.0; 2.0; 4.0; 3.0; 1.0; 3.0; 5.0,0.0; 0.0; 1.0; 2.0; 0.0; 1.0; 1.0
2026-10-08T01:30Z,WNBA,Las Vegas Aces @ Golden State Valkyries,Golden State Valkyries,Las Vegas Aces,79.9,78.5,158.4,Golden State Valkyries,Iliana Rupert,4.9,1.8,6.7,7,1.0; 8.0; 1.0; 7.0; 4.0; 4.0; 5.0,0.0; 1.0; 0.0; 0.0; 2.0; 1.0; 2.0
2026-10-08T01:30Z,WNBA,Las Vegas Aces @ Golden State Valkyries,Golden State Valkyries,Las Vegas Aces,79.9,78.5,158.4,Golden State Valkyries,Janelle Salaun,3.9,1.8,5.7,7,7.0; 4.0; 2.0; 6.0; 1.0; 3.0; 2.0,3.0; 2.0; 0.0; 1.0; 0.0; 2.0; 1.0
2026-10-08T01:30Z,WNBA,Las Vegas Aces @ Golden State Valkyries,Golden State Valkyries,Las Vegas Aces,79.9,78.5,158.4,Golden State Valkyries,Miela Sowah,2.6,1.3,3.9,7,1.0; 1.0; 3.0; 0.0; 0.0; 0.0; 2.0,0.0; 0.0; 0.0; 0.0; 0.0; 0.0; 1.0
2026-10-08T01:30Z,WNBA,Las Vegas Aces @ Golden State Valkyries,Golden State Valkyries,Las Vegas Aces,79.9,78.5,158.4,Golden State Valkyries,Kiah Stokes,5.1,1.9,7.1,7,1.0; 7.0; 3.0; 11.0; 3.0; 4.0; 5.0,1.0; 1.0; 3.0; 2.0; 0.0; 3.0; 0.0
2026-10-08T01:30Z,WNBA,Las Vegas Aces @ Golden State Valkyries,Golden State Valkyries,Las Vegas Aces,79.9,78.5,158.4,Golden State Valkyries,Kayla Thornton,4.7,1.4,6.1,7,8.0; 2.0; 5.0; 6.0; 3.0; 8.0; 1.0,2.0; 0.0; 1.0; 0.0; 0.0; 1.0; 0.0
2026-10-08T01:30Z,WNBA,Las Vegas Aces @ Golden State Valkyries,Golden State Valkyries,Las Vegas Aces,79.9,78.5,158.4,Golden State Valkyries,Gabby Williams,4.7,2.9,7.6,7,6.0; 2.0; 0.0; 2.0; 5.0; 5.0; 6.0,6.0; 1.0; 3.0; 2.0; 1.0; 3.0; 4.0
2026-10-08T01:30Z,WNBA,Las Vegas Aces @ Golden State Valkyries,Golden State Valkyries,Las Vegas Aces,79.9,78.5,158.4,Golden State Valkyries,Cecilia Zandalasini,3.0,2.1,5.2,7,1.0; 3.0; 1.0; 4.0; 0.0; 1.0; 2.0,0.0; 3.0; 3.0; 1.0; 3.0; 1.0; 1.0
